[login:user]mimi,01012341234,mimi@naver.com,0:0:0:0:0:0:0:1,2025-02-13 15:11:42
[login:user]mimi,01012341234,mimi@naver.com,0:0:0:0:0:0:0:1,2025-02-13 15:19:10
[login:user]mimi,01012341234,mimi@naver.com,0:0:0:0:0:0:0:1,2025-02-13 16:41:10
[login:user]mimi,01012341234,mimi@naver.com,0:0:0:0:0:0:0:1,2025-02-13 16:42:08
[login:user]mimi,01012341234,mimi@naver.com,0:0:0:0:0:0:0:1,2025-02-13 17:05:20
[login:user]mimi,01012341234,mimi@naver.com,0:0:0:0:0:0:0:1,2025-02-13 17:25:27
[login:user]mimi,01012341234,mimi@naver.com,0:0:0:0:0:0:0:1,2025-02-14 10:45:16
[login:user]mimi,01012341234,mimi@naver.com,0:0:0:0:0:0:0:1,2025-02-14 11:09:42
[login:user]mimi,01012341234,mimi@naver.com,0:0:0:0:0:0:0:1,2025-02-14 11:38:56
[login:user]mimi,01012341234,mimi@naver.com,0:0:0:0:0:0:0:1,2025-02-14 11:51:46
[login:user]mimi,01012341234,mimi@naver.com,0:0:0:0:0:0:0:1,2025-02-14 12:07:05
[login:user]mimi,01012341234,mimi@naver.com,0:0:0:0:0:0:0:1,2025-02-14 12:29:06
[login:user]mimi,01012341234,mimi@naver.com,0:0:0:0:0:0:0:1,2025-02-14 13:47:29
[login:user]mimi,01012341234,mimi@naver.com,0:0:0:0:0:0:0:1,2025-02-14 13:56:47
[login:user]mimi,01012341234,mimi@naver.com,0:0:0:0:0:0:0:1,2025-02-14 14:06:46
[login:user]mimi,01012341234,mimi@naver.com,0:0:0:0:0:0:0:1,2025-02-14 14:30:28
[login:user]mimi,01012341234,mimi@naver.com,0:0:0:0:0:0:0:1,2025-02-14 14:44:02
[login:user]mimi,01012341234,mimi@naver.com,0:0:0:0:0:0:0:1,2025-02-14 15:06:13
